<?xml version="1.0" ?>
<!-- This is a GPS Help support file with AWS's API -->
<doc>
   <submenu before="About" action = "">
      <title>/Help/AWS</title>
   </submenu>
   <documentation_file>
      <shell lang="python">aws.open_file ("aws.ads")</shell>
      <descr>AWS</descr>
      <menu>/Help/AWS/AWS API/AWS/&lt;AWS&gt;</menu>
      <category>AWS API</category>
   </documentation_file>
   <documentation_file>
      <shell lang="python">aws.open_file ("aws-attachments.ads")</shell>
      <descr>AWS.Attachments</descr>
      <menu>/Help/AWS/AWS API/AWS/Attachments</menu>
      <category>AWS API</category>
   </documentation_file>
   <documentation_file>
      <shell lang="python">aws.open_file ("aws-client.ads")</shell>
      <descr>AWS.Client</descr>
      <menu>/Help/AWS/AWS API/AWS/Client/&lt;Client&gt;</menu>
      <category>AWS API</category>
   </documentation_file>
   <documentation_file>
      <shell lang="python">aws.open_file ("aws-client-http_utils.ads")</shell>
      <descr>AWS.Client.HTTP_Utils</descr>
      <menu>/Help/AWS/AWS API/AWS/Client/HTTP__Utils</menu>
      <category>AWS API</category>
   </documentation_file>
   <documentation_file>
      <shell lang="python">aws.open_file ("aws-client-hotplug.ads")</shell>
      <descr>AWS.Client.Hotplug</descr>
      <menu>/Help/AWS/AWS API/AWS/Client/Hotplug</menu>
      <category>AWS API</category>
   </documentation_file>
   <documentation_file>
      <shell lang="python">aws.open_file ("aws-client-xml.ads")</shell>
      <descr>AWS.Client.XML</descr>
      <menu>/Help/AWS/AWS API/AWS/Client/XML/&lt;XML&gt;</menu>
      <category>AWS API</category>
   </documentation_file>
   <documentation_file>
      <shell lang="python">aws.open_file ("aws-client-xml-input_sources.ads")</shell>
      <descr>AWS.Client.XML.Input_Sources</descr>
      <menu>/Help/AWS/AWS API/AWS/Client/XML/Input__Sources</menu>
      <category>AWS API</category>
   </documentation_file>
   <documentation_file>
      <shell lang="python">aws.open_file ("aws-communication.ads")</shell>
      <descr>AWS.Communication</descr>
      <menu>/Help/AWS/AWS API/AWS/Communication/&lt;Communication&gt;</menu>
      <category>AWS API</category>
   </documentation_file>
   <documentation_file>
      <shell lang="python">aws.open_file ("aws-communication-client.ads")</shell>
      <descr>AWS.Communication.Client</descr>
      <menu>/Help/AWS/AWS API/AWS/Communication/Client</menu>
      <category>AWS API</category>
   </documentation_file>
   <documentation_file>
      <shell lang="python">aws.open_file ("aws-communication-server.ads")</shell>
      <descr>AWS.Communication.Server</descr>
      <menu>/Help/AWS/AWS API/AWS/Communication/Server</menu>
      <category>AWS API</category>
   </documentation_file>
   <documentation_file>
      <shell lang="python">aws.open_file ("aws-config.ads")</shell>
      <descr>AWS.Config</descr>
      <menu>/Help/AWS/AWS API/AWS/Config/&lt;Config&gt;</menu>
      <category>AWS API</category>
   </documentation_file>
   <documentation_file>
      <shell lang="python">aws.open_file ("aws-config-ini.ads")</shell>
      <descr>AWS.Config.Ini</descr>
      <menu>/Help/AWS/AWS API/AWS/Config/Ini</menu>
      <category>AWS API</category>
   </documentation_file>
   <documentation_file>
      <shell lang="python">aws.open_file ("aws-config-set.ads")</shell>
      <descr>AWS.Config.Set</descr>
      <menu>/Help/AWS/AWS API/AWS/Config/Set</menu>
      <category>AWS API</category>
   </documentation_file>
   <documentation_file>
      <shell lang="python">aws.open_file ("aws-config-utils.ads")</shell>
      <descr>AWS.Config.Utils</descr>
      <menu>/Help/AWS/AWS API/AWS/Config/Utils</menu>
      <category>AWS API</category>
   </documentation_file>
   <documentation_file>
      <shell lang="python">aws.open_file ("aws-containers.ads")</shell>
      <descr>AWS.Containers</descr>
      <menu>/Help/AWS/AWS API/AWS/Containers/&lt;Containers&gt;</menu>
      <category>AWS API</category>
   </documentation_file>
   <documentation_file>
      <shell lang="python">aws.open_file ("aws-containers-key_value.ads")</shell>
      <descr>AWS.Containers.Key_Value</descr>
      <menu>/Help/AWS/AWS API/AWS/Containers/Key__Value</menu>
      <category>AWS API</category>
   </documentation_file>
   <documentation_file>
      <shell lang="python">aws.open_file ("aws-containers-memory_streams.ads")</shell>
      <descr>AWS.Containers.Memory_Streams</descr>
      <menu>/Help/AWS/AWS API/AWS/Containers/Memory__Streams</menu>
      <category>AWS API</category>
   </documentation_file>
   <documentation_file>
      <shell lang="python">aws.open_file ("aws-containers-string_vectors.ads")</shell>
      <descr>AWS.Containers.String_Vectors</descr>
      <menu>/Help/AWS/AWS API/AWS/Containers/String__Vectors</menu>
      <category>AWS API</category>
   </documentation_file>
   <documentation_file>
      <shell lang="python">aws.open_file ("aws-containers-tables.ads")</shell>
      <descr>AWS.Containers.Tables</descr>
      <menu>/Help/AWS/AWS API/AWS/Containers/Tables/&lt;Tables&gt;</menu>
      <category>AWS API</category>
   </documentation_file>
   <documentation_file>
      <shell lang="python">aws.open_file ("aws-containers-tables-set.ads")</shell>
      <descr>AWS.Containers.Tables.Set</descr>
      <menu>/Help/AWS/AWS API/AWS/Containers/Tables/Set</menu>
      <category>AWS API</category>
   </documentation_file>
   <documentation_file>
      <shell lang="python">aws.open_file ("aws-cookie.ads")</shell>
      <descr>AWS.Cookie</descr>
      <menu>/Help/AWS/AWS API/AWS/Cookie</menu>
      <category>AWS API</category>
   </documentation_file>
   <documentation_file>
      <shell lang="python">aws.open_file ("aws-default.ads")</shell>
      <descr>AWS.Default</descr>
      <menu>/Help/AWS/AWS API/AWS/Default</menu>
      <category>AWS API</category>
   </documentation_file>
   <documentation_file>
      <shell lang="python">aws.open_file ("aws-digest.ads")</shell>
      <descr>AWS.Digest</descr>
      <menu>/Help/AWS/AWS API/AWS/Digest</menu>
      <category>AWS API</category>
   </documentation_file>
   <documentation_file>
      <shell lang="python">aws.open_file ("aws-dispatchers.ads")</shell>
      <descr>AWS.Dispatchers</descr>
      <menu>/Help/AWS/AWS API/AWS/Dispatchers/&lt;Dispatchers&gt;</menu>
      <category>AWS API</category>
   </documentation_file>
   <documentation_file>
      <shell lang="python">aws.open_file ("aws-dispatchers-callback.ads")</shell>
      <descr>AWS.Dispatchers.Callback</descr>
      <menu>/Help/AWS/AWS API/AWS/Dispatchers/Callback</menu>
      <category>AWS API</category>
   </documentation_file>
   <documentation_file>
      <shell lang="python">aws.open_file ("aws-exceptions.ads")</shell>
      <descr>AWS.Exceptions</descr>
      <menu>/Help/AWS/AWS API/AWS/Exceptions</menu>
      <category>AWS API</category>
   </documentation_file>
   <documentation_file>
      <shell lang="python">aws.open_file ("aws-headers.ads")</shell>
      <descr>AWS.Headers</descr>
      <menu>/Help/AWS/AWS API/AWS/Headers/&lt;Headers&gt;</menu>
      <category>AWS API</category>
   </documentation_file>
   <documentation_file>
      <shell lang="python">aws.open_file ("aws-headers-set.ads")</shell>
      <descr>AWS.Headers.Set</descr>
      <menu>/Help/AWS/AWS API/AWS/Headers/Set</menu>
      <category>AWS API</category>
   </documentation_file>
   <documentation_file>
      <shell lang="python">aws.open_file ("aws-headers-values.ads")</shell>
      <descr>AWS.Headers.Values</descr>
      <menu>/Help/AWS/AWS API/AWS/Headers/Values</menu>
      <category>AWS API</category>
   </documentation_file>
   <documentation_file>
      <shell lang="python">aws.open_file ("aws-hotplug.ads")</shell>
      <descr>AWS.Hotplug</descr>
      <menu>/Help/AWS/AWS API/AWS/Hotplug/&lt;Hotplug&gt;</menu>
      <category>AWS API</category>
   </documentation_file>
   <documentation_file>
      <shell lang="python">aws.open_file ("aws-hotplug-get_status.ads")</shell>
      <descr>AWS.Hotplug.Get_Status</descr>
      <menu>/Help/AWS/AWS API/AWS/Hotplug/Get__Status</menu>
      <category>AWS API</category>
   </documentation_file>
   <documentation_file>
      <shell lang="python">aws.open_file ("aws-jabber.ads")</shell>
      <descr>AWS.Jabber</descr>
      <menu>/Help/AWS/AWS API/AWS/Jabber/&lt;Jabber&gt;</menu>
      <category>AWS API</category>
   </documentation_file>
   <documentation_file>
      <shell lang="python">aws.open_file ("aws-jabber-client.ads")</shell>
      <descr>AWS.Jabber.Client</descr>
      <menu>/Help/AWS/AWS API/AWS/Jabber/Client</menu>
      <category>AWS API</category>
   </documentation_file>
   <documentation_file>
      <shell lang="python">aws.open_file ("aws-jabber-digest_md5.ads")</shell>
      <descr>AWS.Jabber.Digest_Md5</descr>
      <menu>/Help/AWS/AWS API/AWS/Jabber/Digest__Md5</menu>
      <category>AWS API</category>
   </documentation_file>
   <documentation_file>
      <shell lang="python">aws.open_file ("aws-log.ads")</shell>
      <descr>AWS.Log</descr>
      <menu>/Help/AWS/AWS API/AWS/Log</menu>
      <category>AWS API</category>
   </documentation_file>
   <documentation_file>
      <shell lang="python">aws.open_file ("aws-mime.ads")</shell>
      <descr>AWS.MIME</descr>
      <menu>/Help/AWS/AWS API/AWS/MIME</menu>
      <category>AWS API</category>
   </documentation_file>
   <documentation_file>
      <shell lang="python">aws.open_file ("aws-messages.ads")</shell>
      <descr>AWS.Messages</descr>
      <menu>/Help/AWS/AWS API/AWS/Messages</menu>
      <category>AWS API</category>
   </documentation_file>
   <documentation_file>
      <shell lang="python">aws.open_file ("aws-net.ads")</shell>
      <descr>AWS.Net</descr>
      <menu>/Help/AWS/AWS API/AWS/Net/&lt;Net&gt;</menu>
      <category>AWS API</category>
   </documentation_file>
   <documentation_file>
      <shell lang="python">aws.open_file ("aws-net-acceptors.ads")</shell>
      <descr>AWS.Net.Acceptors</descr>
      <menu>/Help/AWS/AWS API/AWS/Net/Acceptors</menu>
      <category>AWS API</category>
   </documentation_file>
   <documentation_file>
      <shell lang="python">aws.open_file ("aws-net-buffered.ads")</shell>
      <descr>AWS.Net.Buffered</descr>
      <menu>/Help/AWS/AWS API/AWS/Net/Buffered</menu>
      <category>AWS API</category>
   </documentation_file>
   <documentation_file>
      <shell lang="python">aws.open_file ("aws-net-generic_sets.ads")</shell>
      <descr>AWS.Net.Generic_Sets</descr>
      <menu>/Help/AWS/AWS API/AWS/Net/Generic__Sets</menu>
      <category>AWS API</category>
   </documentation_file>
   <documentation_file>
      <shell lang="python">aws.open_file ("aws-net-log.ads")</shell>
      <descr>AWS.Net.Log</descr>
      <menu>/Help/AWS/AWS API/AWS/Net/Log/&lt;Log&gt;</menu>
      <category>AWS API</category>
   </documentation_file>
   <documentation_file>
      <shell lang="python">aws.open_file ("aws-net-log-callbacks.ads")</shell>
      <descr>AWS.Net.Log.Callbacks</descr>
      <menu>/Help/AWS/AWS API/AWS/Net/Log/Callbacks</menu>
      <category>AWS API</category>
   </documentation_file>
   <documentation_file>
      <shell lang="python">aws.open_file ("aws-net-poll_events.ads")</shell>
      <descr>AWS.Net.Poll_Events</descr>
      <menu>/Help/AWS/AWS API/AWS/Net/Poll__Events</menu>
      <category>AWS API</category>
   </documentation_file>
   <documentation_file>
      <shell lang="python">aws.open_file ("aws-net-ssl.ads")</shell>
      <descr>AWS.Net.SSL</descr>
      <menu>/Help/AWS/AWS API/AWS/Net/SSL/&lt;SSL&gt;</menu>
      <category>AWS API</category>
   </documentation_file>
   <documentation_file>
      <shell lang="python">aws.open_file ("aws-net-ssl-certificate.ads")</shell>
      <descr>AWS.Net.SSL.Certificate</descr>
      <menu>/Help/AWS/AWS API/AWS/Net/SSL/Certificate</menu>
      <category>AWS API</category>
   </documentation_file>
   <documentation_file>
      <shell lang="python">aws.open_file ("aws-net-sets.ads")</shell>
      <descr>AWS.Net.Sets</descr>
      <menu>/Help/AWS/AWS API/AWS/Net/Sets</menu>
      <category>AWS API</category>
   </documentation_file>
   <documentation_file>
      <shell lang="python">aws.open_file ("aws-net-std.ads")</shell>
      <descr>AWS.Net.Std</descr>
      <menu>/Help/AWS/AWS API/AWS/Net/Std</menu>
      <category>AWS API</category>
   </documentation_file>
   <documentation_file>
      <shell lang="python">aws.open_file ("aws-net-stream_io.ads")</shell>
      <descr>AWS.Net.Stream_IO</descr>
      <menu>/Help/AWS/AWS API/AWS/Net/Stream__IO</menu>
      <category>AWS API</category>
   </documentation_file>
   <documentation_file>
      <shell lang="python">aws.open_file ("aws-net-thin.ads")</shell>
      <descr>AWS.Net.Thin</descr>
      <menu>/Help/AWS/AWS API/AWS/Net/Thin</menu>
      <category>AWS API</category>
   </documentation_file>
   <documentation_file>
      <shell lang="python">aws.open_file ("aws-pop.ads")</shell>
      <descr>AWS.POP</descr>
      <menu>/Help/AWS/AWS API/AWS/POP</menu>
      <category>AWS API</category>
   </documentation_file>
   <documentation_file>
      <shell lang="python">aws.open_file ("aws-parameters.ads")</shell>
      <descr>AWS.Parameters</descr>
      <menu>/Help/AWS/AWS API/AWS/Parameters/&lt;Parameters&gt;</menu>
      <category>AWS API</category>
   </documentation_file>
   <documentation_file>
      <shell lang="python">aws.open_file ("aws-parameters-set.ads")</shell>
      <descr>AWS.Parameters.Set</descr>
      <menu>/Help/AWS/AWS API/AWS/Parameters/Set</menu>
      <category>AWS API</category>
   </documentation_file>
   <documentation_file>
      <shell lang="python">aws.open_file ("aws-resources.ads")</shell>
      <descr>AWS.Resources</descr>
      <menu>/Help/AWS/AWS API/AWS/Resources/&lt;Resources&gt;</menu>
      <category>AWS API</category>
   </documentation_file>
   <documentation_file>
      <shell lang="python">aws.open_file ("aws-resources-embedded.ads")</shell>
      <descr>AWS.Resources.Embedded</descr>
      <menu>/Help/AWS/AWS API/AWS/Resources/Embedded</menu>
      <category>AWS API</category>
   </documentation_file>
   <documentation_file>
      <shell lang="python">aws.open_file ("aws-resources-files.ads")</shell>
      <descr>AWS.Resources.Files</descr>
      <menu>/Help/AWS/AWS API/AWS/Resources/Files</menu>
      <category>AWS API</category>
   </documentation_file>
   <documentation_file>
      <shell lang="python">aws.open_file ("aws-resources-streams.ads")</shell>
      <descr>AWS.Resources.Streams</descr>
      <menu>/Help/AWS/AWS API/AWS/Resources/Streams/&lt;Streams&gt;</menu>
      <category>AWS API</category>
   </documentation_file>
   <documentation_file>
      <shell lang="python">aws.open_file ("aws-resources-streams-disk.ads")</shell>
      <descr>AWS.Resources.Streams.Disk</descr>
      <menu>/Help/AWS/AWS API/AWS/Resources/Streams/Disk/&lt;Disk&gt;</menu>
      <category>AWS API</category>
   </documentation_file>
   <documentation_file>
      <shell lang="python">aws.open_file ("aws-resources-streams-disk-once.ads")</shell>
      <descr>AWS.Resources.Streams.Disk.Once</descr>
      <menu>/Help/AWS/AWS API/AWS/Resources/Streams/Disk/Once</menu>
      <category>AWS API</category>
   </documentation_file>
   <documentation_file>
      <shell lang="python">aws.open_file ("aws-resources-streams-memory.ads")</shell>
      <descr>AWS.Resources.Streams.Memory</descr>
      <menu>/Help/AWS/AWS API/AWS/Resources/Streams/Memory/&lt;Memory&gt;</menu>
      <category>AWS API</category>
   </documentation_file>
   <documentation_file>
      <shell lang="python">aws.open_file ("aws-resources-streams-memory-zlib.ads")</shell>
      <descr>AWS.Resources.Streams.Memory.ZLib</descr>
      <menu>/Help/AWS/AWS API/AWS/Resources/Streams/Memory/ZLib</menu>
      <category>AWS API</category>
   </documentation_file>
   <documentation_file>
      <shell lang="python">aws.open_file ("aws-resources-streams-pipe.ads")</shell>
      <descr>AWS.Resources.Streams.Pipe</descr>
      <menu>/Help/AWS/AWS API/AWS/Resources/Streams/Pipe</menu>
      <category>AWS API</category>
   </documentation_file>
   <documentation_file>
      <shell lang="python">aws.open_file ("aws-resources-streams-zlib.ads")</shell>
      <descr>AWS.Resources.Streams.ZLib</descr>
      <menu>/Help/AWS/AWS API/AWS/Resources/Streams/ZLib</menu>
      <category>AWS API</category>
   </documentation_file>
   <documentation_file>
      <shell lang="python">aws.open_file ("aws-response.ads")</shell>
      <descr>AWS.Response</descr>
      <menu>/Help/AWS/AWS API/AWS/Response/&lt;Response&gt;</menu>
      <category>AWS API</category>
   </documentation_file>
   <documentation_file>
      <shell lang="python">aws.open_file ("aws-response-set.ads")</shell>
      <descr>AWS.Response.Set</descr>
      <menu>/Help/AWS/AWS API/AWS/Response/Set</menu>
      <category>AWS API</category>
   </documentation_file>
   <documentation_file>
      <shell lang="python">aws.open_file ("aws-smtp.ads")</shell>
      <descr>AWS.SMTP</descr>
      <menu>/Help/AWS/AWS API/AWS/SMTP/&lt;SMTP&gt;</menu>
      <category>AWS API</category>
   </documentation_file>
   <documentation_file>
      <shell lang="python">aws.open_file ("aws-smtp-authentication.ads")</shell>
      <descr>AWS.SMTP.Authentication</descr>
      <menu>/Help/AWS/AWS API/AWS/SMTP/Authentication/&lt;Authentication&gt;</menu>
      <category>AWS API</category>
   </documentation_file>
   <documentation_file>
      <shell lang="python">aws.open_file ("aws-smtp-authentication-plain.ads")</shell>
      <descr>AWS.SMTP.Authentication.Plain</descr>
      <menu>/Help/AWS/AWS API/AWS/SMTP/Authentication/Plain</menu>
      <category>AWS API</category>
   </documentation_file>
   <documentation_file>
      <shell lang="python">aws.open_file ("aws-smtp-client.ads")</shell>
      <descr>AWS.SMTP.Client</descr>
      <menu>/Help/AWS/AWS API/AWS/SMTP/Client</menu>
      <category>AWS API</category>
   </documentation_file>
   <documentation_file>
      <shell lang="python">aws.open_file ("aws-smtp-messages.ads")</shell>
      <descr>AWS.SMTP.Messages</descr>
      <menu>/Help/AWS/AWS API/AWS/SMTP/Messages/&lt;Messages&gt;</menu>
      <category>AWS API</category>
   </documentation_file>
   <documentation_file>
      <shell lang="python">aws.open_file ("aws-smtp-messages-set.ads")</shell>
      <descr>AWS.SMTP.Messages.Set</descr>
      <menu>/Help/AWS/AWS API/AWS/SMTP/Messages/Set</menu>
      <category>AWS API</category>
   </documentation_file>
   <documentation_file>
      <shell lang="python">aws.open_file ("aws-smtp-server.ads")</shell>
      <descr>AWS.SMTP.Server</descr>
      <menu>/Help/AWS/AWS API/AWS/SMTP/Server</menu>
      <category>AWS API</category>
   </documentation_file>
   <documentation_file>
      <shell lang="python">aws.open_file ("aws-server.ads")</shell>
      <descr>AWS.Server</descr>
      <menu>/Help/AWS/AWS API/AWS/Server/&lt;Server&gt;</menu>
      <category>AWS API</category>
   </documentation_file>
   <documentation_file>
      <shell lang="python">aws.open_file ("aws-server-get_status.ads")</shell>
      <descr>AWS.Server.Get_Status</descr>
      <menu>/Help/AWS/AWS API/AWS/Server/Get__Status</menu>
      <category>AWS API</category>
   </documentation_file>
   <documentation_file>
      <shell lang="python">aws.open_file ("aws-server-http_utils.ads")</shell>
      <descr>AWS.Server.HTTP_Utils</descr>
      <menu>/Help/AWS/AWS API/AWS/Server/HTTP__Utils</menu>
      <category>AWS API</category>
   </documentation_file>
   <documentation_file>
      <shell lang="python">aws.open_file ("aws-server-hotplug.ads")</shell>
      <descr>AWS.Server.Hotplug</descr>
      <menu>/Help/AWS/AWS API/AWS/Server/Hotplug</menu>
      <category>AWS API</category>
   </documentation_file>
   <documentation_file>
      <shell lang="python">aws.open_file ("aws-server-log.ads")</shell>
      <descr>AWS.Server.Log</descr>
      <menu>/Help/AWS/AWS API/AWS/Server/Log</menu>
      <category>AWS API</category>
   </documentation_file>
   <documentation_file>
      <shell lang="python">aws.open_file ("aws-server-push.ads")</shell>
      <descr>AWS.Server.Push</descr>
      <menu>/Help/AWS/AWS API/AWS/Server/Push</menu>
      <category>AWS API</category>
   </documentation_file>
   <documentation_file>
      <shell lang="python">aws.open_file ("aws-server-status.ads")</shell>
      <descr>AWS.Server.Status</descr>
      <menu>/Help/AWS/AWS API/AWS/Server/Status</menu>
      <category>AWS API</category>
   </documentation_file>
   <documentation_file>
      <shell lang="python">aws.open_file ("aws-services.ads")</shell>
      <descr>AWS.Services</descr>
      <menu>/Help/AWS/AWS API/AWS/Services/&lt;Services&gt;</menu>
      <category>AWS API</category>
   </documentation_file>
   <documentation_file>
      <shell lang="python">aws.open_file ("aws-services-callbacks.ads")</shell>
      <descr>AWS.Services.Callbacks</descr>
      <menu>/Help/AWS/AWS API/AWS/Services/Callbacks</menu>
      <category>AWS API</category>
   </documentation_file>
   <documentation_file>
      <shell lang="python">aws.open_file ("aws-services-directory.ads")</shell>
      <descr>AWS.Services.Directory</descr>
      <menu>/Help/AWS/AWS API/AWS/Services/Directory</menu>
      <category>AWS API</category>
   </documentation_file>
   <documentation_file>
      <shell lang="python">aws.open_file ("aws-services-dispatchers.ads")</shell>
      <descr>AWS.Services.Dispatchers</descr>
      <menu>/Help/AWS/AWS API/AWS/Services/Dispatchers/&lt;Dispatchers&gt;</menu>
      <category>AWS API</category>
   </documentation_file>
   <documentation_file>
      <shell lang="python">aws.open_file ("aws-services-dispatchers-linker.ads")</shell>
      <descr>AWS.Services.Dispatchers.Linker</descr>
      <menu>/Help/AWS/AWS API/AWS/Services/Dispatchers/Linker</menu>
      <category>AWS API</category>
   </documentation_file>
   <documentation_file>
      <shell lang="python">aws.open_file ("aws-services-dispatchers-method.ads")</shell>
      <descr>AWS.Services.Dispatchers.Method</descr>
      <menu>/Help/AWS/AWS API/AWS/Services/Dispatchers/Method</menu>
      <category>AWS API</category>
   </documentation_file>
   <documentation_file>
      <shell lang="python">aws.open_file ("aws-services-dispatchers-timer.ads")</shell>
      <descr>AWS.Services.Dispatchers.Timer</descr>
      <menu>/Help/AWS/AWS API/AWS/Services/Dispatchers/Timer</menu>
      <category>AWS API</category>
   </documentation_file>
   <documentation_file>
      <shell lang="python">aws.open_file ("aws-services-dispatchers-transient_pages.ads")</shell>
      <descr>AWS.Services.Dispatchers.Transient_Pages</descr>
      <menu>/Help/AWS/AWS API/AWS/Services/Dispatchers/Transient__Pages</menu>
      <category>AWS API</category>
   </documentation_file>
   <documentation_file>
      <shell lang="python">aws.open_file ("aws-services-dispatchers-uri.ads")</shell>
      <descr>AWS.Services.Dispatchers.URI</descr>
      <menu>/Help/AWS/AWS API/AWS/Services/Dispatchers/URI</menu>
      <category>AWS API</category>
   </documentation_file>
   <documentation_file>
      <shell lang="python">aws.open_file ("aws-services-dispatchers-virtual_host.ads")</shell>
      <descr>AWS.Services.Dispatchers.Virtual_Host</descr>
      <menu>/Help/AWS/AWS API/AWS/Services/Dispatchers/Virtual__Host</menu>
      <category>AWS API</category>
   </documentation_file>
   <documentation_file>
      <shell lang="python">aws.open_file ("aws-services-download.ads")</shell>
      <descr>AWS.Services.Download</descr>
      <menu>/Help/AWS/AWS API/AWS/Services/Download</menu>
      <category>AWS API</category>
   </documentation_file>
   <documentation_file>
      <shell lang="python">aws.open_file ("aws-services-page_server.ads")</shell>
      <descr>AWS.Services.Page_Server</descr>
      <menu>/Help/AWS/AWS API/AWS/Services/Page__Server</menu>
      <category>AWS API</category>
   </documentation_file>
   <documentation_file>
      <shell lang="python">aws.open_file ("aws-services-split_pages.ads")</shell>
      <descr>AWS.Services.Split_Pages</descr>
      <menu>/Help/AWS/AWS API/AWS/Services/Split__Pages/&lt;Split__Pages&gt;</menu>
      <category>AWS API</category>
   </documentation_file>
   <documentation_file>
      <shell lang="python">aws.open_file ("aws-services-split_pages-alpha.ads")</shell>
      <descr>AWS.Services.Split_Pages.Alpha</descr>
      <menu>/Help/AWS/AWS API/AWS/Services/Split__Pages/Alpha/&lt;Alpha&gt;</menu>
      <category>AWS API</category>
   </documentation_file>
   <documentation_file>
      <shell lang="python">aws.open_file ("aws-services-split_pages-alpha-bounded.ads")</shell>
      <descr>AWS.Services.Split_Pages.Alpha.Bounded</descr>
      <menu>/Help/AWS/AWS API/AWS/Services/Split__Pages/Alpha/Bounded</menu>
      <category>AWS API</category>
   </documentation_file>
   <documentation_file>
      <shell lang="python">aws.open_file ("aws-services-split_pages-shared.ads")</shell>
      <descr>AWS.Services.Split_Pages.Shared</descr>
      <menu>/Help/AWS/AWS API/AWS/Services/Split__Pages/Shared</menu>
      <category>AWS API</category>
   </documentation_file>
   <documentation_file>
      <shell lang="python">aws.open_file ("aws-services-split_pages-uniform.ads")</shell>
      <descr>AWS.Services.Split_Pages.Uniform</descr>
      <menu>/Help/AWS/AWS API/AWS/Services/Split__Pages/Uniform/&lt;Uniform&gt;</menu>
      <category>AWS API</category>
   </documentation_file>
   <documentation_file>
      <shell lang="python">aws.open_file ("aws-services-split_pages-uniform-alpha.ads")</shell>
      <descr>AWS.Services.Split_Pages.Uniform.Alpha</descr>
      <menu>/Help/AWS/AWS API/AWS/Services/Split__Pages/Uniform/Alpha</menu>
      <category>AWS API</category>
   </documentation_file>
   <documentation_file>
      <shell lang="python">aws.open_file ("aws-services-split_pages-uniform-overlapping.ads")</shell>
      <descr>AWS.Services.Split_Pages.Uniform.Overlapping</descr>
      <menu>/Help/AWS/AWS API/AWS/Services/Split__Pages/Uniform/Overlapping</menu>
      <category>AWS API</category>
   </documentation_file>
   <documentation_file>
      <shell lang="python">aws.open_file ("aws-services-transient_pages.ads")</shell>
      <descr>AWS.Services.Transient_Pages</descr>
      <menu>/Help/AWS/AWS API/AWS/Services/Transient__Pages/&lt;Transient__Pages&gt;</menu>
      <category>AWS API</category>
   </documentation_file>
   <documentation_file>
      <shell lang="python">aws.open_file ("aws-services-transient_pages-control.ads")</shell>
      <descr>AWS.Services.Transient_Pages.Control</descr>
      <menu>/Help/AWS/AWS API/AWS/Services/Transient__Pages/Control</menu>
      <category>AWS API</category>
   </documentation_file>
   <documentation_file>
      <shell lang="python">aws.open_file ("aws-services-web_block.ads")</shell>
      <descr>AWS.Services.Web_Block</descr>
      <menu>/Help/AWS/AWS API/AWS/Services/Web__Block/&lt;Web__Block&gt;</menu>
      <category>AWS API</category>
   </documentation_file>
   <documentation_file>
      <shell lang="python">aws.open_file ("aws-services-web_block-context.ads")</shell>
      <descr>AWS.Services.Web_Block.Context</descr>
      <menu>/Help/AWS/AWS API/AWS/Services/Web__Block/Context</menu>
      <category>AWS API</category>
   </documentation_file>
   <documentation_file>
      <shell lang="python">aws.open_file ("aws-services-web_block-registry.ads")</shell>
      <descr>AWS.Services.Web_Block.Registry</descr>
      <menu>/Help/AWS/AWS API/AWS/Services/Web__Block/Registry</menu>
      <category>AWS API</category>
   </documentation_file>
   <documentation_file>
      <shell lang="python">aws.open_file ("aws-services-web_mail.ads")</shell>
      <descr>AWS.Services.Web_Mail</descr>
      <menu>/Help/AWS/AWS API/AWS/Services/Web__Mail</menu>
      <category>AWS API</category>
   </documentation_file>
   <documentation_file>
      <shell lang="python">aws.open_file ("aws-session.ads")</shell>
      <descr>AWS.Session</descr>
      <menu>/Help/AWS/AWS API/AWS/Session/&lt;Session&gt;</menu>
      <category>AWS API</category>
   </documentation_file>
   <documentation_file>
      <shell lang="python">aws.open_file ("aws-session-control.ads")</shell>
      <descr>AWS.Session.Control</descr>
      <menu>/Help/AWS/AWS API/AWS/Session/Control</menu>
      <category>AWS API</category>
   </documentation_file>
   <documentation_file>
      <shell lang="python">aws.open_file ("aws-status.ads")</shell>
      <descr>AWS.Status</descr>
      <menu>/Help/AWS/AWS API/AWS/Status/&lt;Status&gt;</menu>
      <category>AWS API</category>
   </documentation_file>
   <documentation_file>
      <shell lang="python">aws.open_file ("aws-status-set.ads")</shell>
      <descr>AWS.Status.Set</descr>
      <menu>/Help/AWS/AWS API/AWS/Status/Set</menu>
      <category>AWS API</category>
   </documentation_file>
   <documentation_file>
      <shell lang="python">aws.open_file ("aws-status-translate_set.ads")</shell>
      <descr>AWS.Status.Translate_Set</descr>
      <menu>/Help/AWS/AWS API/AWS/Status/Translate__Set</menu>
      <category>AWS API</category>
   </documentation_file>
   <documentation_file>
      <shell lang="python">aws.open_file ("aws-status-translate_table.ads")</shell>
      <descr>AWS.Status.Translate_Table</descr>
      <menu>/Help/AWS/AWS API/AWS/Status/Translate__Table</menu>
      <category>AWS API</category>
   </documentation_file>
   <documentation_file>
      <shell lang="python">aws.open_file ("aws-templates.ads")</shell>
      <descr>AWS.Templates</descr>
      <menu>/Help/AWS/AWS API/AWS/Templates</menu>
      <category>AWS API</category>
   </documentation_file>
   <documentation_file>
      <shell lang="python">aws.open_file ("aws-translator.ads")</shell>
      <descr>AWS.Translator</descr>
      <menu>/Help/AWS/AWS API/AWS/Translator</menu>
      <category>AWS API</category>
   </documentation_file>
   <documentation_file>
      <shell lang="python">aws.open_file ("aws-url.ads")</shell>
      <descr>AWS.URL</descr>
      <menu>/Help/AWS/AWS API/AWS/URL/&lt;URL&gt;</menu>
      <category>AWS API</category>
   </documentation_file>
   <documentation_file>
      <shell lang="python">aws.open_file ("aws-url-raise_url_error.ads")</shell>
      <descr>AWS.URL.Raise_URL_Error</descr>
      <menu>/Help/AWS/AWS API/AWS/URL/Raise__URL__Error</menu>
      <category>AWS API</category>
   </documentation_file>
   <documentation_file>
      <shell lang="python">aws.open_file ("aws-url-set.ads")</shell>
      <descr>AWS.URL.Set</descr>
      <menu>/Help/AWS/AWS API/AWS/URL/Set</menu>
      <category>AWS API</category>
   </documentation_file>
   <documentation_file>
      <shell lang="python">aws.open_file ("aws-utils.ads")</shell>
      <descr>AWS.Utils</descr>
      <menu>/Help/AWS/AWS API/AWS/Utils/&lt;Utils&gt;</menu>
      <category>AWS API</category>
   </documentation_file>
   <documentation_file>
      <shell lang="python">aws.open_file ("aws-utils-streams.ads")</shell>
      <descr>AWS.Utils.Streams</descr>
      <menu>/Help/AWS/AWS API/AWS/Utils/Streams</menu>
      <category>AWS API</category>
   </documentation_file>
   <documentation_file>
      <shell lang="python">aws.open_file ("soap.ads")</shell>
      <descr>SOAP</descr>
      <menu>/Help/AWS/AWS API/SOAP/&lt;SOAP&gt;</menu>
      <category>AWS API</category>
   </documentation_file>
   <documentation_file>
      <shell lang="python">aws.open_file ("soap-client.ads")</shell>
      <descr>SOAP.Client</descr>
      <menu>/Help/AWS/AWS API/SOAP/Client</menu>
      <category>AWS API</category>
   </documentation_file>
   <documentation_file>
      <shell lang="python">aws.open_file ("soap-dispatchers.ads")</shell>
      <descr>SOAP.Dispatchers</descr>
      <menu>/Help/AWS/AWS API/SOAP/Dispatchers/&lt;Dispatchers&gt;</menu>
      <category>AWS API</category>
   </documentation_file>
   <documentation_file>
      <shell lang="python">aws.open_file ("soap-dispatchers-callback.ads")</shell>
      <descr>SOAP.Dispatchers.Callback</descr>
      <menu>/Help/AWS/AWS API/SOAP/Dispatchers/Callback</menu>
      <category>AWS API</category>
   </documentation_file>
   <documentation_file>
      <shell lang="python">aws.open_file ("soap-generator.ads")</shell>
      <descr>SOAP.Generator</descr>
      <menu>/Help/AWS/AWS API/SOAP/Generator</menu>
      <category>AWS API</category>
   </documentation_file>
   <documentation_file>
      <shell lang="python">aws.open_file ("soap-message.ads")</shell>
      <descr>SOAP.Message</descr>
      <menu>/Help/AWS/AWS API/SOAP/Message/&lt;Message&gt;</menu>
      <category>AWS API</category>
   </documentation_file>
   <documentation_file>
      <shell lang="python">aws.open_file ("soap-message-payload.ads")</shell>
      <descr>SOAP.Message.Payload</descr>
      <menu>/Help/AWS/AWS API/SOAP/Message/Payload</menu>
      <category>AWS API</category>
   </documentation_file>
   <documentation_file>
      <shell lang="python">aws.open_file ("soap-message-reader.ads")</shell>
      <descr>SOAP.Message.Reader</descr>
      <menu>/Help/AWS/AWS API/SOAP/Message/Reader</menu>
      <category>AWS API</category>
   </documentation_file>
   <documentation_file>
      <shell lang="python">aws.open_file ("soap-message-response.ads")</shell>
      <descr>SOAP.Message.Response</descr>
      <menu>/Help/AWS/AWS API/SOAP/Message/Response/&lt;Response&gt;</menu>
      <category>AWS API</category>
   </documentation_file>
   <documentation_file>
      <shell lang="python">aws.open_file ("soap-message-response-error.ads")</shell>
      <descr>SOAP.Message.Response.Error</descr>
      <menu>/Help/AWS/AWS API/SOAP/Message/Response/Error</menu>
      <category>AWS API</category>
   </documentation_file>
   <documentation_file>
      <shell lang="python">aws.open_file ("soap-message-xml.ads")</shell>
      <descr>SOAP.Message.XML</descr>
      <menu>/Help/AWS/AWS API/SOAP/Message/XML</menu>
      <category>AWS API</category>
   </documentation_file>
   <documentation_file>
      <shell lang="python">aws.open_file ("soap-name_space.ads")</shell>
      <descr>SOAP.Name_Space</descr>
      <menu>/Help/AWS/AWS API/SOAP/Name__Space</menu>
      <category>AWS API</category>
   </documentation_file>
   <documentation_file>
      <shell lang="python">aws.open_file ("soap-parameters.ads")</shell>
      <descr>SOAP.Parameters</descr>
      <menu>/Help/AWS/AWS API/SOAP/Parameters</menu>
      <category>AWS API</category>
   </documentation_file>
   <documentation_file>
      <shell lang="python">aws.open_file ("soap-types.ads")</shell>
      <descr>SOAP.Types</descr>
      <menu>/Help/AWS/AWS API/SOAP/Types/&lt;Types&gt;</menu>
      <category>AWS API</category>
   </documentation_file>
   <documentation_file>
      <shell lang="python">aws.open_file ("soap-types-untyped.ads")</shell>
      <descr>SOAP.Types.Untyped</descr>
      <menu>/Help/AWS/AWS API/SOAP/Types/Untyped</menu>
      <category>AWS API</category>
   </documentation_file>
   <documentation_file>
      <shell lang="python">aws.open_file ("soap-utils.ads")</shell>
      <descr>SOAP.Utils</descr>
      <menu>/Help/AWS/AWS API/SOAP/Utils</menu>
      <category>AWS API</category>
   </documentation_file>
   <documentation_file>
      <shell lang="python">aws.open_file ("soap-wsdl.ads")</shell>
      <descr>SOAP.WSDL</descr>
      <menu>/Help/AWS/AWS API/SOAP/WSDL/&lt;WSDL&gt;</menu>
      <category>AWS API</category>
   </documentation_file>
   <documentation_file>
      <shell lang="python">aws.open_file ("soap-wsdl-parameters.ads")</shell>
      <descr>SOAP.WSDL.Parameters</descr>
      <menu>/Help/AWS/AWS API/SOAP/WSDL/Parameters</menu>
      <category>AWS API</category>
   </documentation_file>
   <documentation_file>
      <shell lang="python">aws.open_file ("soap-wsdl-parser.ads")</shell>
      <descr>SOAP.WSDL.Parser</descr>
      <menu>/Help/AWS/AWS API/SOAP/WSDL/Parser</menu>
      <category>AWS API</category>
   </documentation_file>
   <documentation_file>
      <shell lang="python">aws.open_file ("soap-xml.ads")</shell>
      <descr>SOAP.XML</descr>
      <menu>/Help/AWS/AWS API/SOAP/XML</menu>
      <category>AWS API</category>
   </documentation_file>
   <documentation_file>
      <shell lang="python">aws.open_file ("templates_parser.ads")</shell>
      <descr>Templates_Parser</descr>
      <menu>/Help/AWS/AWS API/Templates__Parser/&lt;Templates__Parser&gt;</menu>
      <category>AWS API</category>
   </documentation_file>
   <documentation_file>
      <shell lang="python">aws.open_file ("templates_parser-configuration__standalone.ads")</shell>
      <descr>Templates_Parser.Configuration</descr>
      <menu>/Help/AWS/AWS API/Templates__Parser/Configuration</menu>
      <category>AWS API</category>
   </documentation_file>
   <documentation_file>
      <shell lang="python">aws.open_file ("templates_parser-debug.ads")</shell>
      <descr>Templates_Parser.Debug</descr>
      <menu>/Help/AWS/AWS API/Templates__Parser/Debug</menu>
      <category>AWS API</category>
   </documentation_file>
   <documentation_file>
      <shell lang="python">aws.open_file ("templates_parser-input.ads")</shell>
      <descr>Templates_Parser.Input</descr>
      <menu>/Help/AWS/AWS API/Templates__Parser/Input</menu>
      <category>AWS API</category>
   </documentation_file>
   <documentation_file>
      <shell lang="python">aws.open_file ("templates_parser-query.ads")</shell>
      <descr>Templates_Parser.Query</descr>
      <menu>/Help/AWS/AWS API/Templates__Parser/Query</menu>
      <category>AWS API</category>
   </documentation_file>
   <documentation_file>
      <shell lang="python">aws.open_file ("templates_parser-utils.ads")</shell>
      <descr>Templates_Parser.Utils</descr>
      <menu>/Help/AWS/AWS API/Templates__Parser/Utils</menu>
      <category>AWS API</category>
   </documentation_file>
   <documentation_file>
      <shell lang="python">aws.open_file ("templates_parser-xml.ads")</shell>
      <descr>Templates_Parser.XML</descr>
      <menu>/Help/AWS/AWS API/Templates__Parser/XML</menu>
      <category>AWS API</category>
   </documentation_file>
   <documentation_file>
      <shell lang="python">aws.open_file ("templates_parser_tasking.ads")</shell>
      <descr>Templates_Parser_Tasking</descr>
      <menu>/Help/AWS/AWS API/Templates__Parser__Tasking</menu>
      <category>AWS API</category>
   </documentation_file>
</doc>
